row,record,x,y,amplitude,thickness
1,0,60.0,-30.34600257873535,93942.28080208864,19.150129870129867
1,1,60.0,-29.308942794799805,99570.7159505833,19.6608
1,2,60.0,-28.369441986083984,151292.66152193447,20.19945205479452
1,3,60.0,-27.421859741210938,130509.27606296746,20.479999999999997
1,4,60.0,-26.46804428100586,139836.71900576117,20.479999999999997
1,5,60.0,-25.556119918823242,136576.77129643882,20.479999999999997
1,6,60.0,-24.563447952270508,152572.82462075533,20.19945205479452
1,7,60.0,-23.870275497436523,147471.40653635882,20.19945205479452
1,8,60.0,-22.72844123840332,197464.5296620684,20.19945205479452
1,9,60.0,-21.7344913482666,254453.56730383853,19.926486486486482
1,10,60.0,-20.7345027923584,233018.3697695464,19.926486486486482
1,11,60.0,-19.745079040527344,267158.44109131326,19.926486486486482
1,12,60.0,-18.686229705810547,213897.81179887895,19.926486486486482
1,13,60.0,-17.663789749145508,220812.03950221767,20.19945205479452
1,14,60.0,-16.709182739257812,228212.97072814897,20.19945205479452
1,15,60.0,-15.730973243713379,162025.0913368248,20.19945205479452
1,16,60.0,-14.680876731872559,180758.65269402575,20.479999999999997
1,17,60.0,-13.76594352722168,115119.19341272152,20.479999999999997
1,18,60.0,-12.662610054016113,128126.40896115359,20.76845070422535
1,19,60.0,-11.833127975463867,136957.75722926419,21.065142857142853
1,20,60.0,-10.676375389099121,135329.6182557456,21.370434782608694
1,21,60.0,-9.505741119384766,98319.8426978589,22.008358208955222
1,22,60.0,-8.690773010253906,81352.7656604644,22.34181818181818
1,23,60.0,-7.505768299102783,71646.20344424683,21.68470588235294
1,24,60.0,-6.685279369354248,97454.15786490019,21.370434782608694
1,25,60.0,-5.605165958404541,83484.33802061323,30.0
1,26,60.0,-4.753479957580566,83425.2498778396,15.855483870967738
1,27,60.0,-3.640136480331421,112299.037940832,15.521684210526313
1,28,60.0,-2.7202210426330566,123202.59953459748,15.359999999999998
1,29,60.0,-1.5591267347335815,111630.86683567982,15.201649484536079
1,30,60.0,-0.7194370031356812,106692.94782824077,14.894545454545451
1,31,60.0,0.418268620967865,175142.55854612164,14.599603960396037
1,32,60.0,1.4523876905441284,6802539.079184443,30.0
1,33,60.0,2.416019916534424,702381.5533164503,30.0
1,34,60.0,3.4222769737243652,1017485.5850524687,30.0
1,35,60.0,4.391787052154541,197770.8553807317,15.521684210526313
1,36,60.0,5.407020092010498,152765.9161672879,15.359999999999998
1,37,60.0,6.313864707946777,171115.15302041243,15.521684210526313
1,38,60.0,7.444227695465088,161124.68971371418,15.686808510638294
1,39,60.0,8.43651008605957,180194.48241626177,16.383999999999997
1,40,60.0,9.330068588256836,240499.71723512252,16.383999999999997
1,41,60.0,10.454842567443848,354343.76208549435,16.568089887640447
1,42,60.0,11.304547309875488,5586580.3269506795,16.383999999999997
1,43,60.0,12.416049003601074,22609555.4413787,30.0
1,44,60.0,13.368642807006836,632758.3168898472,16.383999999999997
1,45,60.0,14.421828269958496,699439.9700060774,16.383999999999997
1,46,60.0,15.344409942626953,528773.0341586352,16.383999999999997
1,47,60.0,16.48113250732422,517900.8852739176,16.383999999999997
1,48,60.0,17.277225494384766,500744.5074027352,16.383999999999997
1,49,60.0,18.489208221435547,285007.45490052534,16.568089887640447
1,50,60.0,19.467750549316406,1228617.5819125627,16.20395604395604
1,51,60.0,20.53948402404785,1358293.1168310724,30.0
1,52,60.0,21.443517684936523,304047.9321812848,16.75636363636363
1,53,60.0,22.5291805267334,200088.74217289273,16.75636363636363
1,54,60.0,23.430023193359375,182492.713312442,16.75636363636363
1,55,60.0,24.508092880249023,149046.24645758743,16.948965517241376
1,56,60.0,25.416528701782227,213988.6157118627,16.948965517241376
1,57,60.0,26.521738052368164,55597.70618696088,17.55428571428571
1,58,60.0,27.607343673706055,85351.80483958997,17.55428571428571
1,59,60.0,28.45034408569336,45667.918963641605,17.55428571428571
1,60,60.0,29.675386428833008,137247.53992150963,17.1460465116279
1,61,60.0,30.460689544677734,194484.2540652544,16.948965517241376
1,62,60.0,31.46942901611328,453339.2047776686,16.948965517241376
1,63,60.0,32.460567474365234,515786.4000547572,16.948965517241376
1,64,60.0,33.622440338134766,420681.1439568675,16.948965517241376
1,65,60.0,34.4699592590332,333002.95377056644,16.948965517241376
1,66,60.0,35.60877990722656,272351.9569188732,16.75636363636363
1,67,60.0,36.40161895751953,131715.5966429079,16.75636363636363
1,68,60.0,37.61854934692383,150760.46872761686,20.19945205479452
1,69,60.0,38.4952507019043,189061.2228405299,10.169379310344826
1,70,60.0,39.632747650146484,35000000.0,16.383999999999997
1,71,60.0,40.43880081176758,35000000.0,20.76845070422535
2,0,62.0,41.690067291259766,35000000.0,30.0
2,1,62.0,40.80464172363281,35000000.0,23.78322580645161
2,2,62.0,39.891170501708984,4111769.5557164433,9.452307692307691
2,3,62.0,38.91948318481445,236766.6371372547,17.347764705882348
2,4,62.0,37.9154052734375,144052.4726394839,17.347764705882348
2,5,62.0,36.87733840942383,180040.6993414672,17.347764705882348
2,6,62.0,35.93963623046875,194731.3153353861,17.1460465116279
2,7,62.0,34.82034683227539,252186.5552437353,17.1460465116279
2,8,62.0,33.7999267578125,261081.44176504906,17.1460465116279
2,9,62.0,32.836944580078125,335563.8179602396,17.347764705882348
2,10,62.0,31.816295623779297,110819.0235969196,17.347764705882348
2,11,62.0,30.861764907836914,147647.06646553837,17.55428571428571
2,12,62.0,29.831098556518555,107330.5085243496,17.765783132530117
2,13,62.0,28.852645874023438,143072.25278845246,17.765783132530117
2,14,62.0,27.873485565185547,157052.48996325687,16.948965517241376
2,15,62.0,26.844663619995117,177763.43359777893,16.383999999999997
2,16,62.0,25.904630661010742,1254767.6493752503,30.0
2,17,62.0,24.89037322998047,252784.7122598226,16.20395604395604
2,18,62.0,23.96074104309082,202040.79737960486,16.383999999999997
2,19,62.0,22.794567108154297,267023.06745048857,16.383999999999997
2,20,62.0,21.90437126159668,398543.8029748652,16.383999999999997
2,21,62.0,20.81085777282715,515776.80346706614,16.383999999999997
2,22,62.0,19.9449520111084,469126.7068443593,16.568089887640447
2,23,62.0,18.82646369934082,386757.56459608494,16.568089887640447
2,24,62.0,17.69600486755371,358930.3848744322,16.383999999999997
2,25,62.0,16.814632415771484,565669.5647832282,16.383999999999997
2,26,62.0,15.698760032653809,593894.9199139968,16.383999999999997
2,27,62.0,14.849560737609863,441837.8356817202,16.383999999999997
2,28,62.0,13.712254524230957,2312641.7448953628,30.0
2,29,62.0,12.838784217834473,3323956.4442643323,30.0
2,30,62.0,11.715011596679688,274019.8131794644,16.383999999999997
2,31,62.0,10.80591106414795,539871.8552493682,30.0
2,32,62.0,9.675350189208984,450567.39461498865,16.20395604395604
2,33,62.0,8.868356704711914,254835.17128575206,15.686808510638294
2,34,62.0,7.70205545425415,246758.74550292047,15.521684210526313
2,35,62.0,6.841495037078857,178445.57482610186,15.359999999999998
2,36,62.0,5.7125935554504395,193983.3044598002,15.359999999999998
2,37,62.0,4.947176456451416,198452.15902725197,14.894545454545451
2,38,62.0,3.7904281616210938,344575.5414410783,14.599603960396037
2,39,62.0,2.657546043395996,2046322.4281564322,30.0
2,40,62.0,1.8046088218688965,203946.8607512257,14.599603960396037
2,41,62.0,0.6826769113540649,111607.08825395309,14.894545454545451
2,42,62.0,-0.15317057073116302,114612.9080944437,15.201649484536079
2,43,62.0,-1.2384649515151978,99420.64810423068,15.359999999999998
2,44,62.0,-2.16904878616333,96766.13810953243,15.521684210526313
2,45,62.0,-3.205481767654419,107449.22772232458,6.612376681614348
2,46,62.0,-4.1662917137146,23823.64414984358,18.432
2,47,62.0,-5.229101181030273,85469.63712932958,6.795207373271888
2,48,62.0,-6.142059326171875,85413.14195067323,20.76845070422535
2,49,62.0,-7.202369213104248,101852.42719003627,21.065142857142853
2,50,62.0,-8.128564834594727,515749.1645161527,22.008358208955222
2,51,62.0,-9.263291358947754,300788.024699919,22.34181818181818
2,52,62.0,-10.409622192382812,7113469.699919447,30.0
2,53,62.0,-11.262249946594238,8963977.841484383,30.0
2,54,62.0,-12.347637176513672,3142514.860841297,30.0
2,55,62.0,-13.229268074035645,1070752.6105363658,22.34181818181818
2,56,62.0,-14.299555778503418,198363.6529463585,20.19945205479452
2,57,62.0,-15.365885734558105,142886.08391578984,20.19945205479452
2,58,62.0,-16.16048812866211,153341.11474896647,20.19945205479452
2,59,62.0,-17.35239028930664,133322.01227735885,19.926486486486482
2,60,62.0,-18.157894134521484,494163.5395039959,30.0
2,61,62.0,-19.316762924194336,404048.07094211155,20.19945205479452
2,62,62.0,-20.133499145507812,1840075.597165227,30.0
2,63,62.0,-21.302824020385742,1044664.5739963587,30.0
2,64,62.0,-22.313283920288086,364695.8291506057,19.926486486486482
2,65,62.0,-23.23345375061035,165572.6277083831,30.0
2,66,62.0,-24.299789428710938,106453.8122746926,20.479999999999997
2,67,62.0,-25.1921443939209,118008.2970628543,20.479999999999997
2,68,62.0,-26.37779998779297,109198.72539799518,20.19945205479452
2,69,62.0,-27.525005340576172,124909.65976039639,19.926486486486482
2,70,62.0,-28.515398025512695,216497.55323087977,19.6608
2,71,62.0,-29.55429458618164,550743.1078215154,30.0
2,72,62.0,-30.761526107788086,121201.3844314814,19.150129870129867
3,0,64.0,-29.966032028198242,124406.74684971148,19.402105263157893
3,1,64.0,-29.203126907348633,127606.38355040381,19.926486486486482
3,2,64.0,-28.10099220275879,150898.4930762773,20.19945205479452
3,3,64.0,-27.27725601196289,135130.42796777512,20.19945205479452
3,4,64.0,-26.125226974487305,163717.0802008151,20.19945205479452
3,5,64.0,-25.270402908325195,162735.46121255428,20.19945205479452
3,6,64.0,-24.25044059753418,154631.7097582901,19.926486486486482
3,7,64.0,-23.28179359436035,169648.62924080022,19.6608
3,8,64.0,-22.194059371948242,184817.64906031458,19.6608
3,9,64.0,-21.305105209350586,196511.1826713985,19.402105263157893
3,10,64.0,-20.20295524597168,201487.59640205748,19.402105263157893
3,11,64.0,-19.231515884399414,176343.1724234722,19.402105263157893
3,12,64.0,-18.1632080078125,151271.6727138196,19.402105263157893
3,13,64.0,-17.277225494384766,156243.81446218712,19.402105263157893
3,14,64.0,-16.198896408081055,167561.60512606232,19.402105263157893
3,15,64.0,-15.333671569824219,115978.75388180408,19.6608
3,16,64.0,-14.228400230407715,119991.77683237536,18.904615384615383
3,17,64.0,-13.230839729309082,88920.99611099862,20.19945205479452
3,18,64.0,-12.295980453491211,100258.63438706288,20.479999999999997
3,19,64.0,-11.27112865447998,70386.81933197811,21.065142857142853
3,20,64.0,-10.258272171020508,90794.92910947185,20.76845070422535
3,21,64.0,-9.283775329589844,54987.25940241441,20.479999999999997
3,22,64.0,-8.278894424438477,57736.88621190311,20.19945205479452
3,23,64.0,-7.302793025970459,46407.19809464166,19.926486486486482
3,24,64.0,-6.261631011962891,46325.419743563805,19.402105263157893
3,25,64.0,-5.140275001525879,30291.186275277494,19.150129870129867
3,26,64.0,-4.295282363891602,77615.73641290764,8.57302325581395
3,27,64.0,-3.1144280433654785,78072.09746212892,15.201649484536079
3,28,64.0,-2.3223655223846436,96977.88529348667,15.046530612244894
3,29,64.0,-1.138452410697937,126203.46395296845,14.894545454545451
3,30,64.0,-0.2684466540813446,145457.5422500056,14.456470588235291
3,31,64.0,0.8082371950149536,202166.94474854248,14.316116504854367
3,32,64.0,1.685844898223877,210480.0412457184,14.316116504854367
3,33,64.0,2.830230236053467,280554.92484155315,14.316116504854367
3,34,64.0,3.6293985843658447,239898.56470173196,14.456470588235291
3,35,64.0,4.746085166931152,202616.29604108888,14.745599999999996
3,36,64.0,5.910566806793213,170963.07600018493,15.201649484536079
3,37,64.0,6.751922607421875,196750.5172034892,15.521684210526313
3,38,64.0,7.903069019317627,219931.0963969566,15.686808510638294
3,39,64.0,8.671575546264648,183480.42718940374,15.686808510638294
3,40,64.0,9.850371360778809,237593.60912929793,15.686808510638294
3,41,64.0,10.66798210144043,225126.12576416283,15.686808510638294
3,42,64.0,11.834625244140625,215745.96771598034,15.686808510638294
3,43,64.0,12.703085899353027,138793.7918101963,15.686808510638294
3,44,64.0,13.864529609680176,260410.72241324192,15.855483870967738
3,45,64.0,14.726850509643555,215442.55873066853,16.027826086956516
3,46,64.0,15.838250160217285,207168.324160123,16.20395604395604
3,47,64.0,16.770877838134766,144782.40458128555,16.383999999999997
3,48,64.0,17.854272842407227,226854.27588312485,16.383999999999997
3,49,64.0,18.898643493652344,323329.0208929771,16.20395604395604
3,50,64.0,19.83473777770996,454206.42338958976,16.20395604395604
3,51,64.0,20.84219741821289,391564.8780813414,16.027826086956516
3,52,64.0,21.937929153442383,531805.9917322438,14.178461538461537
3,53,64.0,22.775012969970703,410704.888278723,15.855483870967738
3,54,64.0,23.897369384765625,342617.8280865704,15.855483870967738
3,55,64.0,24.884990692138672,467960.41056837264,15.855483870967738
3,56,64.0,25.90443229675293,217769.46467524662,16.027826086956516
3,57,64.0,26.866140365600586,251328.40394257617,16.027826086956516
3,58,64.0,27.6404972076416,207347.61777116943,16.20395604395604
3,59,64.0,28.863384246826172,142615.37313734167,17.1460465116279
3,60,64.0,29.793336868286133,266831.5044246381,17.1460465116279
3,61,64.0,30.88984489440918,289046.1524420782,17.1460465116279
3,62,64.0,31.846193313598633,294583.8252479209,17.1460465116279
3,63,64.0,32.91086959838867,329930.9144504913,17.1460465116279
3,64,64.0,33.859561920166016,393923.98974230903,17.1460465116279
3,65,64.0,34.957847595214844,224459.44602599659,17.347764705882348
3,66,64.0,35.96111297607422,182923.097620038,17.55428571428571
3,67,64.0,36.929080963134766,160979.7120760489,17.55428571428571
3,68,64.0,37.95835494995117,279007.6150504075,10.922666666666665
3,69,64.0,38.97906494140625,35000000.0,11.086917293233082
3,70,64.0,39.831642150878906,35000000.0,22.685538461538457
3,71,64.0,41.02720642089844,35000000.0,30.0
3,72,64.0,41.844093322753906,35000000.0,18.432
4,0,66.0,42.10939025878906,35000000.0,30.0
4,1,66.0,41.424007415771484,35000000.0,30.0
4,2,66.0,40.266998291015625,35000000.0,30.0
4,3,66.0,39.382503509521484,14762493.261333978,14.178461538461537
4,4,66.0,38.28049087524414,49029.60100309927,17.55428571428571
4,5,66.0,37.41764831542969,86851.55228897338,17.347764705882348
4,6,66.0,36.18292999267578,101461.66918051984,17.1460465116279
4,7,66.0,35.369266510009766,108106.99946806343,16.948965517241376
4,8,66.0,34.09272384643555,42181.57569234057,16.75636363636363
4,9,66.0,33.10874557495117,66894.85330203573,16.568089887640447
4,10,66.0,32.12769317626953,102977.93587758481,16.568089887640447
4,11,66.0,31.162199020385742,123703.1601849024,16.568089887640447
4,12,66.0,30.066024780273438,68479.2813783546,16.20395604395604
4,13,66.0,29.183195114135742,164522.3672505086,15.855483870967738
4,14,66.0,28.047306060791016,216253.6601402916,15.855483870967738
4,15,66.0,27.258447647094727,310816.393716473,15.855483870967738
4,16,66.0,26.045154571533203,431871.9480460084,15.686808510638294
4,17,66.0,25.25545883178711,417832.31853905285,15.686808510638294
4,18,66.0,24.10112190246582,494384.06128624594,15.686808510638294
4,19,66.0,23.094900131225586,530930.7989396964,15.855483870967738
4,20,66.0,22.1326904296875,437568.1333029018,15.855483870967738
4,21,66.0,21.06961441040039,577409.2091077752,16.027826086956516
4,22,66.0,20.139434814453125,444504.5700949214,16.027826086956516
4,23,66.0,19.078149795532227,246440.2517118349,16.027826086956516
4,24,66.0,18.007400512695312,273058.09676670644,15.855483870967738
4,25,66.0,17.05480194091797,301782.84679951763,15.686808510638294
4,26,66.0,16.19270133972168,253112.42459711523,15.521684210526313
4,27,66.0,15.075457572937012,349352.0094099859,15.521684210526313
4,28,66.0,14.184720993041992,379044.7207841514,15.359999999999998
4,29,66.0,13.038104057312012,258872.7695362161,15.359999999999998
4,30,66.0,12.208953857421875,306982.143222802,15.521684210526313
4,31,66.0,11.131428718566895,277397.64222159004,15.521684210526313
4,32,66.0,9.930057525634766,233304.77048242625,15.521684210526313
4,33,66.0,9.10247802734375,213333.8132420122,15.686808510638294
4,34,66.0,8.050348281860352,165941.85601210504,15.521684210526313
4,35,66.0,7.103903293609619,106385.6108320642,14.04342857142857
4,36,66.0,5.9939961433410645,205132.3380677881,14.178461538461537
4,37,66.0,4.939418315887451,336997.32192472677,14.316116504854367
4,38,66.0,4.062456130981445,336603.6026044427,14.316116504854367
4,39,66.0,2.909961700439453,161239.3625533359,14.316116504854367
4,40,66.0,2.0092978477478027,187728.6080536612,14.316116504854367
4,41,66.0,0.8805050253868103,97613.64993909377,14.599603960396037
4,42,66.0,0.03439601883292198,108933.46846679202,13.528073394495411
4,43,66.0,-1.1640586853027344,95909.12341236502,11.610708661417322
4,44,66.0,-1.9316214323043823,68254.05756949206,11.796479999999997
4,45,66.0,-2.9428157806396484,30426.180929539096,8.330847457627117
4,46,66.0,-3.9471065998077393,20937.03317838755,6.826666666666665
4,47,66.0,-4.98704719543457,32029.66729465995,9.701052631578946
4,48,66.0,-6.088369846343994,44322.97443566743,19.926486486486482
4,49,66.0,-6.911537170410156,57757.342722703,20.19945205479452
4,50,66.0,-8.071727752685547,78732.14794870347,20.479999999999997
4,51,66.0,-8.868802070617676,83154.5788861721,20.479999999999997
4,52,66.0,-10.065707206726074,410616.85517745966,30.0
4,53,66.0,-10.838902473449707,62906.38100483862,20.479999999999997
4,54,66.0,-11.944703102111816,72620.01389298248,20.479999999999997
4,55,66.0,-12.86396312713623,105800.5023113328,19.926486486486482
4,56,66.0,-13.825333595275879,115201.26024595789,19.926486486486482
4,57,66.0,-14.882681846618652,559134.0762858923,19.402105263157893
4,58,66.0,-15.80085277557373,464845.5394367921,19.6608
4,59,66.0,-16.890663146972656,666338.7467279162,30.0
4,60,66.0,-17.69600486755371,120211.82597714677,19.6608
4,61,66.0,-18.840429306030273,190473.48568455997,19.6608
4,62,66.0,-19.693246841430664,176965.95122253674,19.6608
4,63,66.0,-20.84480857849121,164874.52319889012,19.6608
4,64,66.0,-21.722702026367188,174861.88413183423,19.6608
4,65,66.0,-22.802541732788086,139956.4471366965,19.926486486486482
4,66,66.0,-23.719945907592773,146455.76005310402,20.19945205479452
4,67,66.0,-24.946462631225586,679626.1360570533,30.0
4,68,66.0,-26.146703720092773,633400.8029850428,30.0
4,69,66.0,-27.002971649169922,354012.66318121785,30.0
4,70,66.0,-27.982879638671875,91583.33024483014,19.926486486486482
4,71,66.0,-29.010337829589844,74568.41888592343,19.402105263157893
4,72,66.0,-29.980121612548828,133366.581043912,21.065142857142853
5,0,68.0,-29.314861297607422,50754.63633725798,18.904615384615383
5,1,68.0,-28.372690200805664,77483.57335700035,19.926486486486482
5,2,68.0,-27.413768768310547,164434.3708098701,19.926486486486482
5,3,68.0,-26.40241050720215,121996.50718650113,20.19945205479452
5,4,68.0,-25.45948028564453,128209.8284289946,19.926486486486482
5,5,68.0,-24.381696701049805,130770.96426418051,19.926486486486482
5,6,68.0,-23.32061004638672,142672.02844444293,19.926486486486482
5,7,68.0,-22.511911392211914,155117.94976954604,19.926486486486482
5,8,68.0,-21.29587745666504,183965.5443972888,19.926486486486482
5,9,68.0,-20.421314239501953,137698.84198859715,19.926486486486482
5,10,68.0,-19.268478393554688,179788.11206281022,19.6608
5,11,68.0,-18.404701232910156,143589.74983502808,19.926486486486482
5,12,68.0,-17.268461227416992,128262.80669100088,19.926486486486482
5,13,68.0,-16.482624053955078,117554.96962501688,19.926486486486482
5,14,68.0,-15.318583488464355,149899.84415612943,19.926486486486482
5,15,68.0,-14.506855964660645,118756.39127601623,20.19945205479452
5,16,68.0,-13.314593315124512,122437.59785310403,20.19945205479452
5,17,68.0,-12.187478065490723,128716.837033112,20.479999999999997
5,18,68.0,-11.36091136932373,90834.2277787528,20.479999999999997
5,19,68.0,-10.265399932861328,67446.59110528714,20.479999999999997
5,20,68.0,-9.379108428955078,97609.33224475215,20.479999999999997
5,21,68.0,-8.300370216369629,81091.86806710681,20.479999999999997
5,22,68.0,-7.407199382781982,62275.02055508482,15.201649484536079
5,23,68.0,-6.250687122344971,49210.32613956014,15.046530612244894
5,24,68.0,-5.427426815032959,66206.71342347447,14.316116504854367
5,25,68.0,-4.270946979522705,81661.70242901232,30.0
5,26,68.0,-3.3918216228485107,361802.51414465014,30.0
5,27,68.0,-2.233476161956787,418663.340208651,11.891612903225806
5,28,68.0,-1.4124484062194824,2051878.7444031986,30.0
5,29,68.0,-0.2899223864078522,64520.33185862675,11.702857142857141
5,30,68.0,0.7534568905830383,74433.969638349,15.046530612244894
5,31,68.0,1.832213282585144,101940.97256481604,14.745599999999996
5,32,68.0,2.7872695922851562,199403.9457676369,14.599603960396037
5,33,68.0,3.969520092010498,330790.22389994725,14.456470588235291
5,34,68.0,4.724660873413086,628741.9110668066,14.316116504854367
5,35,68.0,5.873612403869629,146215.73582080973,14.316116504854367
5,36,68.0,6.708144187927246,114644.57702973411,15.359999999999998
5,37,68.0,7.838642597198486,134334.45105583273,15.521684210526313
5,38,68.0,8.810918807983398,208987.02571935565,15.686808510638294
5,39,68.0,9.867185592651367,261348.75474903648,15.521684210526313
5,40,68.0,10.758634567260742,283159.87104449683,15.521684210526313
5,41,68.0,11.857497215270996,287806.5616527788,15.359999999999998
5,42,68.0,12.928390502929688,571805.152957636,15.359999999999998
5,43,68.0,13.906578063964844,295752.7552145511,15.359999999999998
5,44,68.0,14.871944427490234,552825.5819437882,15.521684210526313
5,45,68.0,15.839435577392578,249272.86484980254,15.521684210526313
5,46,68.0,16.81549835205078,638446.0535701468,30.0
5,47,68.0,17.781906127929688,604519.709645759,30.0
5,48,68.0,18.83052635192871,393274.1173365105,15.855483870967738
5,49,68.0,19.851905822753906,456042.73851711454,16.027826086956516
5,50,68.0,20.917362213134766,576043.8631893313,15.855483870967738
5,51,68.0,21.945650100708008,514468.32374068577,15.855483870967738
5,52,68.0,22.839441299438477,729476.4535270676,15.686808510638294
5,53,68.0,23.92999839782715,310086.93155879783,15.686808510638294
5,54,68.0,24.804471969604492,394203.06876826216,15.686808510638294
5,55,68.0,25.89202880859375,237185.068998217,15.686808510638294
5,56,68.0,26.9094295501709,213099.54888942282,15.855483870967738
5,57,68.0,27.855470657348633,163215.30777705455,15.855483870967738
5,58,68.0,28.97207260131836,130839.75218091607,16.027826086956516
5,59,68.0,29.830821990966797,99669.31951472264,16.383999999999997
5,60,68.0,31.077909469604492,155052.5730103665,16.20395604395604
5,61,68.0,31.869983673095703,225796.09188858085,16.20395604395604
5,62,68.0,33.01893615722656,62935.539242790845,16.383999999999997
5,63,68.0,33.89485549926758,181054.39655495805,16.568089887640447
5,64,68.0,35.07810974121094,159414.0720903653,16.75636363636363
5,65,68.0,35.9674186706543,102111.53959478429,17.1460465116279
5,66,68.0,37.02701950073242,61800.06300120795,17.55428571428571
5,67,68.0,37.97188186645508,108904.50268736303,13.910943396226413
5,68,68.0,38.981754302978516,35000000.0,14.316116504854367
5,69,68.0,40.10593032836914,35000000.0,14.178461538461537
5,70,68.0,41.070613861083984,35000000.0,30.0
5,71,68.0,42.060218811035156,35000000.0,30.0
6,0,70.0,42.50172805786133,35000000.0,23.039999999999996
6,1,70.0,41.64238739013672,35000000.0,30.0
6,2,70.0,40.447731018066406,35000000.0,9.896375838926172
6,3,70.0,39.57977294921875,529777.514122812,17.765783132530117
6,4,70.0,38.488494873046875,84244.19379636792,8.330847457627117
6,5,70.0,37.50736618041992,98675.37669717721,17.347764705882348
6,6,70.0,36.52541732788086,91882.17887553397,16.568089887640447
6,7,70.0,35.477909088134766,71249.82045913704,16.568089887640447
6,8,70.0,34.45524215698242,39397.89521923095,16.027826086956516
6,9,70.0,33.28032302856445,47486.20037139104,16.20395604395604
6,10,70.0,32.415679931640625,38231.70357210746,16.383999999999997
6,11,70.0,31.247188568115234,86215.581142928,10.239999999999998
6,12,70.0,30.41260528564453,103607.30768248215,16.383999999999997
6,13,70.0,29.24532127380371,158020.6707632779,16.027826086956516
6,14,70.0,28.452497482299805,184524.3950338844,15.855483870967738
6,15,70.0,27.26152229309082,254459.92327640025,15.686808510638294
6,16,70.0,26.44736099243164,272170.5933943126,15.686808510638294
6,17,70.0,25.314470291137695,327402.22604628914,15.686808510638294
6,18,70.0,24.46085548400879,437904.25963916816,15.686808510638294
6,19,70.0,23.32880973815918,387162.50017739914,15.855483870967738
6,20,70.0,22.452877044677734,430378.0641741261,15.855483870967738
6,21,70.0,21.33640480041504,433702.8428990318,15.855483870967738
6,22,70.0,20.246431350708008,295475.83225750807,15.855483870967738
6,23,70.0,19.376949310302734,294988.28495224856,15.855483870967738
6,24,70.0,18.254505157470703,331255.7724900433,15.686808510638294
6,25,70.0,17.365510940551758,421899.17605572095,15.521684210526313
6,26,70.0,16.282567977905273,504974.3685534527,15.359999999999998
6,27,70.0,15.301459312438965,468365.2784425758,15.201649484536079
6,28,70.0,14.205945014953613,387767.9157638642,15.201649484536079
6,29,70.0,13.325690269470215,398241.01239294355,15.201649484536079
6,30,70.0,12.226053237915039,426496.65474596847,15.359999999999998
6,31,70.0,11.274759292602539,414649.1403220095,15.521684210526313
6,32,70.0,10.254661560058594,239095.68125765288,15.521684210526313
6,33,70.0,9.288253784179688,289441.56600207987,15.521684210526313
6,34,70.0,8.285185813903809,245426.92338941418,15.201649484536079
6,35,70.0,7.3006272315979,229116.95489217396,14.894545454545451
6,36,70.0,6.303127288818359,220248.95851306128,14.745599999999996
6,37,70.0,5.363226890563965,202765.2372391187,14.894545454545451
6,38,70.0,4.176797866821289,194819.85526913818,15.046530612244894
6,39,70.0,3.3927576541900635,159157.31641520697,15.046530612244894
6,40,70.0,2.1974759101867676,81805.97973588512,15.201649484536079
6,41,70.0,1.396780252456665,103254.92868818977,11.796479999999997
6,42,70.0,0.22456151247024536,83247.18760710364,11.891612903225806
6,43,70.0,-0.6944184303283691,49008.61106491686,11.988292682926827
6,44,70.0,-1.726179838180542,112847.10607453823,12.287999999999997
6,45,70.0,-2.8025829792022705,83137.4304600022,7.123478260869564
6,46,70.0,-3.724111795425415,53864.04308010479,14.456470588235291
6,47,70.0,-4.617282390594482,45807.64127274048,14.894545454545451
6,48,70.0,-5.7021379470825195,43258.49335406779,15.046530612244894
6,49,70.0,-6.625263214111328,57851.81431620755,20.479999999999997
6,50,70.0,-7.660032272338867,77833.90568800193,20.479999999999997
6,51,70.0,-8.855447769165039,79057.4498377563,20.479999999999997
6,52,70.0,-9.667487144470215,75828.71055234599,20.479999999999997
6,53,70.0,-10.831937789916992,92535.48997958969,20.19945205479452
6,54,70.0,-11.629108428955078,110516.20714425707,20.19945205479452
6,55,70.0,-12.802220344543457,129691.89556149261,20.19945205479452
6,56,70.0,-13.78046703338623,147804.96721209027,20.19945205479452
6,57,70.0,-14.775032997131348,113193.7392694894,20.19945205479452
6,58,70.0,-15.783946990966797,100633.74761407262,19.926486486486482
6,59,70.0,-16.71554183959961,117830.4125189499,19.926486486486482
6,60,70.0,-17.74982452392578,168366.66559982733,19.926486486486482
6,61,70.0,-18.76978874206543,187636.64730019207,19.926486486486482
6,62,70.0,-19.725984573364258,194244.41658534692,19.926486486486482
6,63,70.0,-20.777772903442383,150128.22095913943,19.926486486486482
6,64,70.0,-21.86723518371582,117209.7780132231,19.926486486486482
6,65,70.0,-22.78575325012207,113135.83694572259,19.926486486486482
6,66,70.0,-23.786563873291016,114414.13148485201,19.926486486486482
6,67,70.0,-24.82404327392578,129076.81126078354,19.926486486486482
6,68,70.0,-25.887798309326172,134713.59293205442,19.926486486486482
6,69,70.0,-26.866140365600586,98064.66691216489,19.926486486486482
6,70,70.0,-28.025829315185547,76641.56196894414,19.402105263157893
6,71,70.0,-29.035188674926758,74124.59818265628,18.904615384615383
6,72,70.0,-30.204917907714844,102826.91147682356,18.6653164556962
7,0,72.0,-29.88136863708496,65463.524644143174,12.711724137931032
7,1,72.0,-29.187299728393555,91398.98759071087,12.60307692307692
7,2,72.0,-28.047306060791016,65986.3967281651,12.496271186440676
7,3,72.0,-27.259037017822266,132873.38443857612,20.19945205479452
7,4,72.0,-26.082275390625,73184.09289552849,20.19945205479452
7,5,72.0,-25.24193572998047,146098.0453781135,19.926486486486482
7,6,72.0,-24.12798500061035,91548.73628660632,19.926486486486482
7,7,72.0,-23.208473205566406,150660.12844821028,19.926486486486482
7,8,72.0,-22.12540054321289,126618.21873038326,20.19945205479452
7,9,72.0,-21.212324142456055,147955.1235295649,19.926486486486482
7,10,72.0,-20.230138778686523,109373.8057535664,20.19945205479452
7,11,72.0,-19.027498245239258,134197.4139107055,20.19945205479452
7,12,72.0,-18.119709014892578,109368.98556610256,20.19945205479452
7,13,72.0,-17.08394432067871,115763.1319494682,20.19945205479452
7,14,72.0,-16.15229606628418,106214.6613914228,20.19945205479452
7,15,72.0,-15.108176231384277,141448.7934297897,20.19945205479452
7,16,72.0,-14.131978034973145,106757.64208754565,20.19945205479452
7,17,72.0,-13.132410049438477,100432.3714336883,20.19945205479452
7,18,72.0,-12.127630233764648,93940.4294432744,20.19945205479452
7,19,72.0,-11.027787208557129,79532.10997591531,20.19945205479452
7,20,72.0,-9.988715171813965,70485.57822546855,20.19945205479452
7,21,72.0,-9.07349681854248,70283.02388699079,20.19945205479452
7,22,72.0,-8.009020805358887,67514.27965816218,20.19945205479452
7,23,72.0,-7.119204998016357,61316.733011140575,20.19945205479452
7,24,72.0,-6.087329864501953,64633.36373178754,17.982439024390242
7,25,72.0,-5.080904006958008,80720.81177395927,8.426057142857141
7,26,72.0,-4.178796291351318,77876.23081907778,16.948965517241376
7,27,72.0,-2.9679813385009766,92789.89223579422,16.568089887640447
7,28,72.0,-2.231055974960327,75895.88333910739,16.027826086956516
7,29,72.0,-1.0590816736221313,141551.01403961898,15.521684210526313
7,30,72.0,0.0,108280.43114753002,15.359999999999998
7,31,72.0,0.8728417754173279,208665.3526099904,15.201649484536079
7,32,72.0,1.9542917013168335,194472.90474845408,15.046530612244894
7,33,72.0,2.870605945587158,235488.1132169288,15.046530612244894
7,34,72.0,3.8871071338653564,366771.4405469874,14.894545454545451
7,35,72.0,4.928934097290039,455455.1927419825,14.894545454545451
7,36,72.0,5.841399192810059,263697.93401200033,14.894545454545451
7,37,72.0,6.972402095794678,282828.51939084195,14.894545454545451
7,38,72.0,7.985410213470459,259043.53707083018,15.201649484536079
7,39,72.0,8.987593650817871,273124.70178603125,15.521684210526313
7,40,72.0,9.93925952911377,305963.33883522754,15.521684210526313
7,41,72.0,10.945097923278809,394903.3477070773,15.359999999999998
7,42,72.0,11.897555351257324,382947.78724194923,15.359999999999998
7,43,72.0,12.953781127929688,470132.98899761226,15.201649484536079
7,44,72.0,14.046611785888672,571377.2302907617,15.201649484536079
7,45,72.0,14.887212753295898,579925.0496324011,15.359999999999998
7,46,72.0,16.082839965820312,584890.2686754096,15.359999999999998
7,47,72.0,16.8555908203125,460354.0281670967,15.521684210526313
7,48,72.0,18.049684524536133,403171.34083172295,15.686808510638294
7,49,72.0,18.841800689697266,520306.05451751366,15.686808510638294
7,50,72.0,20.00896453857422,384587.02578589245,15.686808510638294
7,51,72.0,20.86367416381836,371209.5156863474,15.686808510638294
7,52,72.0,21.965965270996094,380300.8286064763,15.686808510638294
7,53,72.0,22.78575325012207,462716.85264046246,15.521684210526313
7,54,72.0,23.97490692138672,4303963.406963928,30.0
7,55,72.0,24.832143783569336,353747.65141711204,15.521684210526313
7,56,72.0,26.056856155395508,251527.91936076677,15.521684210526313
7,57,72.0,27.11311149597168,153812.54154984167,15.521684210526313
7,58,72.0,28.064414978027344,143984.38748604152,15.855483870967738
7,59,72.0,29.067399978637695,281456.96026503807,30.0
7,60,72.0,30.09990692138672,196850.95392392893,30.0
7,61,72.0,31.02169418334961,87614.65872535345,10.31160839160839
7,62,72.0,32.053462982177734,104047.85287589309,16.20395604395604
7,63,72.0,32.96882247924805,82149.24523950707,16.20395604395604
7,64,72.0,34.121925354003906,95069.26284983451,13.049203539823008
7,65,72.0,35.10208511352539,153382.39334616926,13.049203539823008
7,66,72.0,36.09456253051758,81322.59884954328,13.165714285714284
7,67,72.0,37.26039505004883,96674.38258417402,17.765783132530117
7,68,72.0,38.11355209350586,3761671.2685350147,17.1460465116279
7,69,72.0,39.24388885498047,35000000.0,16.383999999999997
7,70,72.0,40.176025390625,35000000.0,30.0
7,71,72.0,41.333641052246094,35000000.0,30.0
8,0,74.0,42.26424026489258,35000000.0,30.0
8,1,74.0,41.602169036865234,35000000.0,30.0
8,2,74.0,40.546180725097656,35000000.0,12.822260869565216
8,3,74.0,39.600120544433594,2932607.164379341,17.765783132530117
8,4,74.0,38.69926834106445,50213.09968165227,6.733150684931506
8,5,74.0,37.582584381103516,54295.71195121188,8.673882352941174
8,6,74.0,36.6456413269043,54339.48533729019,5.585454545454545
8,7,74.0,35.4573860168457,22274.002420443892,15.359999999999998
8,8,74.0,34.3528938293457,60592.62259214199,15.521684210526313
8,9,74.0,33.44522476196289,56483.72743519932,15.686808510638294
8,10,74.0,32.329795837402344,31300.530605126845,7.80190476190476
8,11,74.0,31.246463775634766,33530.728131596756,30.0
8,12,74.0,30.270042419433594,148724.7166315622,15.686808510638294
8,13,74.0,29.259750366210938,219262.43131909962,15.521684210526313
8,14,74.0,28.060834884643555,250440.84646265034,15.359999999999998
8,15,74.0,27.235729217529297,344542.21760548145,15.201649484536079
8,16,74.0,26.03730010986328,223965.30552573936,15.046530612244894
8,17,74.0,25.26311492919922,296802.59076528996,15.046530612244894
8,18,74.0,24.164945602416992,344614.8963580858,15.046530612244894
8,19,74.0,23.129362106323242,397134.16147156956,15.201649484536079
8,20,74.0,22.213912963867188,378606.3026024393,15.201649484536079
8,21,74.0,21.121381759643555,322300.2863784296,15.201649484536079
8,22,74.0,20.228805541992188,255851.4743147795,15.359999999999998
8,23,74.0,19.113401412963867,303848.4770967908,15.201649484536079
8,24,74.0,18.21965789794922,435627.04666191706,15.201649484536079
8,25,74.0,17.079551696777344,437038.40929617855,15.201649484536079
8,26,74.0,16.289342880249023,557181.9961950808,15.201649484536079
8,27,74.0,15.166306495666504,439003.60613444954,15.201649484536079
8,28,74.0,14.212007522583008,242192.61470616414,15.359999999999998
8,29,74.0,13.134389877319336,298359.5219126792,15.521684210526313
8,30,74.0,11.910406112670898,281441.15587647766,15.686808510638294
8,31,74.0,11.136208534240723,211501.361771251,15.855483870967738
8,32,74.0,10.070368766784668,199136.2004850897,15.686808510638294
8,33,74.0,9.162399291992188,153079.35377469732,14.599603960396037
8,34,74.0,8.099181175231934,183035.25648154266,14.745599999999996
8,35,74.0,7.044040203094482,279258.731851316,14.745599999999996
8,36,74.0,6.068902492523193,356433.0583916189,14.745599999999996
8,37,74.0,5.0360589027404785,442076.1574357067,14.745599999999996
8,38,74.0,4.120652675628662,363044.8578613346,14.745599999999996
8,39,74.0,3.0066022872924805,286767.6680941889,14.894545454545451
8,40,74.0,2.1201541423797607,143295.36089650154,14.894545454545451
8,41,74.0,1.1919031143188477,157310.37335310064,15.046530612244894
8,42,74.0,0.12027620524168015,136024.22495090665,15.046530612244894
8,43,74.0,-0.9007793068885803,130167.29531925463,15.359999999999998
8,44,74.0,-1.8398646116256714,90742.06537286348,7.679999999999999
8,45,74.0,-2.9428958892822266,24212.52048911138,11.891612903225806
8,46,74.0,-3.868957281112671,38063.17792796644,11.891612903225806
8,47,74.0,-4.924676895141602,69942.98894747239,7.80190476190476
8,48,74.0,-6.044625759124756,82061.81515815556,7.600824742268039
8,49,74.0,-6.854716777801514,90299.24566885401,19.402105263157893
8,50,74.0,-8.052508354187012,113953.34101196236,19.6608
8,51,74.0,-8.863554954528809,127156.74444827523,19.6608
8,52,74.0,-10.060011863708496,91328.9707848117,19.6608
8,53,74.0,-10.852849960327148,97036.08808588621,19.6608
8,54,74.0,-12.007501602172852,115515.73055638325,19.926486486486482
8,55,74.0,-12.906914710998535,121189.84327604898,19.926486486486482
8,56,74.0,-13.977193832397461,148091.58993568146,19.926486486486482
8,57,74.0,-14.925633430480957,119076.97030478287,19.6608
8,58,74.0,-15.959199905395508,98631.59426553256,19.926486486486482
8,59,74.0,-16.944353103637695,101175.93836011486,19.6608
8,60,74.0,-17.89992332458496,132536.82915907135,19.926486486486482
8,61,74.0,-19.04475975036621,122590.57662068632,19.926486486486482
8,62,74.0,-19.85792350769043,147772.4069907132,19.926486486486482
8,63,74.0,-21.073835372924805,112150.0776634658,20.19945205479452
8,64,74.0,-21.835054397583008,68375.93265939657,20.19945205479452
8,65,74.0,-22.987430572509766,98778.57512144497,7.970594594594592
8,66,74.0,-24.109729766845703,116554.42956992835,8.10197802197802
8,67,74.0,-24.91269874572754,95247.02526740202,9.637647058823529
8,68,74.0,-26.10492706298828,145895.18985237877,9.701052631578946
8,69,74.0,-26.913978576660156,101679.06181146773,9.637647058823529
8,70,74.0,-28.0842342376709,62340.90355924527,8.829700598802393
8,71,74.0,-29.346588134765625,58473.25912976394,11.342769230769228
8,72,74.0,-30.441848754882812,116119.56144101119,17.1460465116279
9,0,76.0,-29.039363861083984,94836.41210575573,7.089230769230769
9,1,76.0,-28.191242218017578,122328.38144494878,7.021714285714285
9,2,76.0,-27.20975112915039,86016.54518536886,9.963243243243241
9,3,76.0,-26.37445068359375,104939.0718087058,9.8304
9,4,76.0,-25.135225296020508,95758.88385099471,7.970594594594592
9,5,76.0,-24.261367797851562,129056.28416936361,7.927741935483869
9,6,76.0,-23.176494598388672,95059.92980145576,21.065142857142853
9,7,76.0,-22.240158081054688,102948.17021037404,10.384225352112676
9,8,76.0,-21.207904815673828,121255.32082647047,17.765783132530117
9,9,76.0,-20.144235610961914,125953.61211208763,19.150129870129867
9,10,76.0,-19.187726974487305,162301.17454692497,19.150129870129867
9,11,76.0,-18.14699363708496,204511.87963082432,18.6653164556962
9,12,76.0,-17.190139770507812,124623.80850926321,19.402105263157893
9,13,76.0,-16.199565887451172,125126.95550714624,19.6608
9,14,76.0,-15.228127479553223,135175.88244917666,19.6608
9,15,76.0,-14.182005882263184,157638.72289091613,19.6608
9,16,76.0,-13.185211181640625,179487.75725874346,19.6608
9,17,76.0,-12.058623313903809,184596.75829863682,19.6608
9,18,76.0,-11.124817848205566,155217.50984392353,19.6608
9,19,76.0,-10.09359359741211,138621.58477398346,19.402105263157893
9,20,76.0,-9.23047924041748,147701.97795829992,18.904615384615383
9,21,76.0,-8.085613250732422,116496.72413172625,18.6653164556962
9,22,76.0,-7.215474605560303,113194.17818184715,18.432
9,23,76.0,-6.026793956756592,157323.59567073843,18.6653164556962
9,24,76.0,-5.233259677886963,119587.7913906952,18.904615384615383
9,25,76.0,-4.0238118171691895,114766.83494801706,19.150129870129867
9,26,76.0,-3.2277610301971436,102005.72970132458,18.904615384615383
9,27,76.0,-2.022583484649658,182695.46487946794,12.391260504201679
9,28,76.0,-1.2241166830062866,240198.62592812412,12.391260504201679
9,29,76.0,-0.05368933081626892,242540.96623610894,12.391260504201679
9,30,76.0,0.7330347895622253,263729.5987832843,12.287999999999997
9,31,76.0,1.934386134147644,352687.02447703585,20.479999999999997
9,32,76.0,2.9028749465942383,323866.60231410875,20.479999999999997
9,33,76.0,3.8781847953796387,310688.8773381107,20.19945205479452
9,34,76.0,4.858663558959961,297607.7303572966,20.19945205479452
9,35,76.0,5.807266712188721,319769.99169403134,14.745599999999996
9,36,76.0,7.02256441116333,156497.73389974853,16.20395604395604
9,37,76.0,7.8064284324646,143312.5417322484,16.20395604395604
9,38,76.0,8.966117858886719,126165.91114647775,16.20395604395604
9,39,76.0,9.81273365020752,156322.72954123566,16.383999999999997
9,40,76.0,10.866720199584961,226467.12742053013,16.20395604395604
9,41,76.0,11.808974266052246,224179.50186015395,15.855483870967738
9,42,76.0,13.033059120178223,234025.7742036202,15.201649484536079
9,43,76.0,13.878458976745605,339628.8563913191,15.046530612244894
9,44,76.0,15.091461181640625,524995.1916927344,14.894545454545451
9,45,76.0,15.871600151062012,537292.8285611582,14.894545454545451
9,46,76.0,17.016803741455078,534655.3703846114,14.894545454545451
9,47,76.0,17.900022506713867,535821.0098935848,14.894545454545451
9,48,76.0,19.052995681762695,467073.56488107966,15.046530612244894
9,49,76.0,19.868104934692383,447191.73449518613,15.046530612244894
9,50,76.0,21.011138916015625,361359.0982221469,15.046530612244894
9,51,76.0,21.80463409423828,467284.39037703985,14.894545454545451
9,52,76.0,22.99217987060547,357840.3193364055,14.894545454545451
9,53,76.0,24.12798500061035,466504.43169033335,14.894545454545451
9,54,76.0,24.986371994018555,333297.51630591776,14.745599999999996
9,55,76.0,26.1037540435791,285860.64909320005,14.894545454545451
9,56,76.0,26.961742401123047,333269.7433724276,14.894545454545451
9,57,76.0,27.875497817993164,191796.10976492814,15.046530612244894
9,58,76.0,28.94181251525879,111024.13324360453,15.359999999999998
9,59,76.0,29.904956817626953,138731.3053064189,15.686808510638294
9,60,76.0,31.023956298828125,139282.41358748774,15.686808510638294
9,61,76.0,32.11516189575195,217058.7258100548,15.521684210526313
9,62,76.0,32.96870422363281,300211.1078312489,15.359999999999998
9,63,76.0,34.15534591674805,317393.7208968134,15.201649484536079
9,64,76.0,34.9956169128418,350552.6754912789,15.201649484536079
9,65,76.0,36.154396057128906,344532.6587773395,15.201649484536079
9,66,76.0,36.96074295043945,205012.57857824588,15.046530612244894
9,67,76.0,38.21352005004883,197876.78412818824,14.894545454545451
9,68,76.0,39.02495193481445,1331168.8842776304,17.55428571428571
9,69,76.0,40.24549865722656,35000000.0,17.55428571428571
9,70,76.0,41.08094787597656,35000000.0,30.0
9,71,76.0,42.20035171508789,35000000.0,11.702857142857141
10,0,78.0,42.403831481933594,25715807.14548861,30.0
10,1,78.0,41.59428024291992,1576684.194832022,11.256183206106869
10,2,78.0,40.583740234375,429486.61516389996,15.201649484536079
10,3,78.0,39.6766242980957,220573.53213686898,15.201649484536079
10,4,78.0,38.42364501953125,252495.15620094855,15.201649484536079
10,5,78.0,37.63425064086914,362529.61056494695,15.359999999999998
10,6,78.0,36.37529754638672,292246.1492754262,15.359999999999998
10,7,78.0,35.57181930541992,132343.20875542544,15.521684210526313
10,8,78.0,34.39338302612305,165311.517660012,15.521684210526313
10,9,78.0,33.57730484008789,106910.23630777815,15.686808510638294
10,10,78.0,32.409847259521484,297.9484640569346,3.9321599999999988
10,11,78.0,31.5440731048584,85086.63786386323,15.855483870967738
10,12,78.0,30.42318344116211,223081.82787929187,14.456470588235291
10,13,78.0,29.582820892333984,267639.6451349241,14.456470588235291
10,14,78.0,28.402996063232422,377556.0632802047,14.456470588235291
10,15,78.0,27.38155746459961,376690.9183574011,14.456470588235291
10,16,78.0,26.431222915649414,455226.66811352916,14.456470588235291
10,17,78.0,25.325712203979492,422335.40549943474,14.599603960396037
10,18,78.0,24.448287963867188,361681.90233423613,14.599603960396037
10,19,78.0,23.352230072021484,407129.8770859099,14.745599999999996
10,20,78.0,22.45048713684082,403015.684469974,14.745599999999996
10,21,78.0,21.34532928466797,264880.7233115577,14.745599999999996
10,22,78.0,20.3375186920166,334249.1791849928,14.745599999999996
10,23,78.0,19.426502227783203,413201.2068035241,14.745599999999996
10,24,78.0,18.31879997253418,412698.86999616097,14.599603960396037
10,25,78.0,17.452272415161133,510431.74439460284,14.599603960396037
10,26,78.0,16.321556091308594,400033.9047976035,14.456470588235291
10,27,78.0,15.468000411987305,252847.02466824034,14.599603960396037
10,28,78.0,14.279070854187012,220165.9829896415,14.745599999999996
10,29,78.0,13.592839241027832,166850.6583578452,14.599603960396037
10,30,78.0,12.36413288116455,183039.8320707342,16.75636363636363
10,31,78.0,11.510992050170898,127581.87446283681,16.568089887640447
10,32,78.0,10.367986679077148,177217.88261535947,16.20395604395604
10,33,78.0,9.200811386108398,211024.69147242262,16.20395604395604
10,34,78.0,8.396232604980469,334041.7000511898,16.027826086956516
10,35,78.0,7.154527187347412,529659.1839741128,15.686808510638294
10,36,78.0,6.411199569702148,1163113.3453855817,23.78322580645161
10,37,78.0,5.2274627685546875,2006686.7999086806,21.68470588235294
10,38,78.0,4.419683933258057,1239699.2539326162,30.0
10,39,78.0,3.2355260848999023,402654.26430544857,20.76845070422535
10,40,78.0,2.297903299331665,412882.6551303165,20.76845070422535
10,41,78.0,1.2505841255187988,506260.3269488526,21.68470588235294
10,42,78.0,0.2899223864078522,244111.4748334597,26.331428571428567
10,43,78.0,-0.7291836738586426,157388.67535899428,27.30666666666666
10,44,78.0,-1.8359568119049072,112928.12284698553,30.0
10,45,78.0,-2.6848676204681396,66317.09555935177,19.150129870129867
10,46,78.0,-3.861008882522583,210788.94892323186,30.0
10,47,78.0,-4.670971393585205,74768.19764670866,17.347764705882348
10,48,78.0,-5.789983749389648,142656.28644966544,17.347764705882348
10,49,78.0,-6.646739482879639,271055.4428662593,16.75636363636363
10,50,78.0,-7.745777130126953,3447198.134676076,30.0
10,51,78.0,-8.622506141662598,104494.98490994894,19.402105263157893
10,52,78.0,-9.85736083984375,88459.81580121402,19.6608
10,53,78.0,-10.769942283630371,194179.90805072276,19.402105263157893
10,54,78.0,-11.686867713928223,164748.09747014404,19.6608
10,55,78.0,-12.750091552734375,1315185.8722155378,19.402105263157893
10,56,78.0,-13.717272758483887,1618411.2280165197,19.402105263157893
10,57,78.0,-14.917075157165527,1739356.4016873252,30.0
10,58,78.0,-15.849089622497559,964252.5880255245,30.0
10,59,78.0,-16.89982795715332,6317557.786854804,30.0
10,60,78.0,-17.846332550048828,1266841.6001741167,17.1460465116279
10,61,78.0,-18.91364860534668,3231195.6190133067,30.0
10,62,78.0,-19.83283805847168,115675.0954253661,10.457872340425531
10,63,78.0,-20.8824462890625,10090974.47909371,30.0
10,64,78.0,-21.8515567779541,10777738.895701297,30.0
10,65,78.0,-22.87890625,3776611.5743240137,30.0
10,66,78.0,-23.9294376373291,575004.461764586,30.0
10,67,78.0,-24.844566345214844,103493.08719985251,20.76845070422535
10,68,78.0,-25.81382942199707,125981.280922661,7.600824742268039
10,69,78.0,-27.092823028564453,95922.16878053853,8.523468208092485
10,70,78.0,-28.102617263793945,104256.16883209019,6.612376681614348
10,71,78.0,-29.280853271484375,6283731.689036969,30.0
11,0,80.0,-29.142568588256836,128497.78126375382,19.926486486486482
11,1,80.0,-28.430644989013672,144187.41920102524,5.8514285714285705
11,2,80.0,-27.2849178314209,146011.40708946934,10.608345323741005
11,3,80.0,-26.393959045410156,113813.8163597204,10.532571428571426
11,4,80.0,-25.319887161254883,91601.81493576456,9.158757763975155
11,5,80.0,-24.34443473815918,80503.35280165207,8.991219512195121
11,6,80.0,-23.32264518737793,80842.4469979658,8.829700598802393
11,7,80.0,-22.273006439208984,93233.19838847386,16.948965517241376
11,8,80.0,-21.379091262817383,77873.38459206022,16.948965517241376
11,9,80.0,-20.28057098388672,88369.43926027938,16.75636363636363
11,10,80.0,-19.219430923461914,111461.28159941678,10.384225352112676
11,11,80.0,-18.200681686401367,76805.46626725925,19.6608
11,12,80.0,-17.25575065612793,142036.60354647398,19.6608
11,13,80.0,-16.259201049804688,182972.21151461083,19.6608
11,14,80.0,-15.118913650512695,222474.13671348267,19.6608
11,15,80.0,-14.295722961425781,179853.58625793134,9.513290322580644
11,16,80.0,-13.122285842895508,150091.51108191692,19.926486486486482
11,17,80.0,-12.32242488861084,166197.34668017967,7.927741935483869
11,18,80.0,-11.148144721984863,132541.70666127143,20.19945205479452
11,19,80.0,-10.366815567016602,161899.33477197003,16.948965517241376
11,20,80.0,-9.17989730834961,123255.42043138195,16.948965517241376
11,21,80.0,-8.235942840576172,169034.0143959134,16.948965517241376
11,22,80.0,-7.191819190979004,123867.32008471922,16.948965517241376
11,23,80.0,-6.313864707946777,159800.17056707374,16.948965517241376
11,24,80.0,-5.245433330535889,126852.20183030867,17.1460465116279
11,25,80.0,-4.391787052154541,241121.954811864,14.599603960396037
11,26,80.0,-3.2732577323913574,132841.46414929122,14.745599999999996
11,27,80.0,-2.1780903339385986,458930.40142036224,15.521684210526313
11,28,80.0,-1.337162733078003,843031.3891953516,21.065142857142853
11,29,80.0,-0.18595489859580994,1921987.2385849084,21.370434782608694
11,30,80.0,0.7813000082969666,2096905.9109236635,21.370434782608694
11,31,80.0,1.7932236194610596,2962887.662987607,21.065142857142853
11,32,80.0,2.7944672107696533,2287040.485449192,21.065142857142853
11,33,80.0,3.7475152015686035,2002579.4976273368,21.065142857142853
11,34,80.0,4.7427449226379395,1203657.1262951994,20.76845070422535
11,35,80.0,5.848210334777832,445775.9457998432,26.331428571428567
11,36,80.0,6.744729518890381,556951.8243911517,16.383999999999997
11,37,80.0,7.864748001098633,381663.91098566854,16.20395604395604
11,38,80.0,8.753798484802246,223653.51872217024,16.383999999999997
11,39,80.0,9.79705810546875,173888.90856125022,16.948965517241376
11,40,80.0,10.83450698852539,118200.43310979947,17.347764705882348
11,41,80.0,11.722907066345215,195190.98568285035,14.745599999999996
11,42,80.0,12.778059959411621,198492.76698433488,14.745599999999996
11,43,80.0,13.812789916992188,325957.8187292345,14.745599999999996
11,44,80.0,14.764564514160156,292742.4602390617,14.599603960396037
11,45,80.0,15.804686546325684,413198.0633806205,14.599603960396037
11,46,80.0,16.675905227661133,282440.4999461598,14.456470588235291
11,47,80.0,17.833253860473633,387607.4782820996,14.599603960396037
11,48,80.0,18.99528694152832,371705.53965767974,14.745599999999996
11,49,80.0,19.82415199279785,331439.8517085393,14.894545454545451
11,50,80.0,20.9281005859375,283955.13639098476,14.894545454545451
11,51,80.0,21.781333923339844,324724.852469971,14.745599999999996
11,52,80.0,22.850177764892578,507852.1730204662,14.599603960396037
11,53,80.0,23.736862182617188,604844.7691899282,14.456470588235291
11,54,80.0,24.920181274414062,442491.78501801623,14.456470588235291
11,55,80.0,25.845293045043945,597298.8200149151,14.456470588235291
11,56,80.0,26.844327926635742,460327.0745386084,14.456470588235291
11,57,80.0,27.777585983276367,404908.13909692847,14.456470588235291
11,58,80.0,28.795778274536133,347511.6945693391,14.456470588235291
11,59,80.0,29.86200523376465,226962.80276844025,14.456470588235291
11,60,80.0,30.80975914001465,142735.1620574497,8.474482758620688
11,61,80.0,31.794818878173828,147583.74127190327,5.945806451612903
11,62,80.0,32.92525100708008,156396.77022517708,15.686808510638294
11,63,80.0,33.75767135620117,233024.2411559161,15.521684210526313
11,64,80.0,34.965450286865234,236628.9609845199,15.521684210526313
11,65,80.0,35.885948181152344,314925.24352837907,15.359999999999998
11,66,80.0,36.924983978271484,231632.32556930833,15.359999999999998
11,67,80.0,37.840240478515625,104225.63149488765,15.201649484536079
11,68,80.0,38.9451904296875,136280.03918411283,15.046530612244894
11,69,80.0,39.81600570678711,83895.70464100211,14.894545454545451
11,70,80.0,40.992820739746094,609876.120746846,17.347764705882348
11,71,80.0,42.1630973815918,7912743.445549993,17.1460465116279
11,72,80.0,43.16046142578125,30860889.737607338,11.256183206106869
12,0,82.0,43.123268127441406,1141703.4366585147,17.55428571428571
12,1,82.0,42.449615478515625,274444.5091176561,17.55428571428571
12,2,82.0,41.33004379272461,116533.03172750531,17.982439024390242
12,3,82.0,40.475643157958984,15682.305307949084,30.0
12,4,82.0,39.403045654296875,25965.384733332263,9.575064935064933
12,5,82.0,38.441558837890625,72163.82890198662,15.359999999999998
12,6,82.0,37.453704833984375,110646.77508735041,15.521684210526313
12,7,82.0,36.390628814697266,127762.61414930748,15.686808510638294
12,8,82.0,35.36516189575195,85642.72829529083,11.430697674418603
12,9,82.0,34.479286193847656,76273.07345175698,11.342769230769228
12,10,82.0,33.38505935668945,65020.41767918781,11.610708661417322
12,11,82.0,32.37746810913086,70845.19216131614,7.4850761421319785
12,12,82.0,31.43634796142578,105857.61779652584,14.456470588235291
12,13,82.0,30.42753028869629,203627.22218931178,14.456470588235291
12,14,82.0,29.504833221435547,261564.85770022077,14.456470588235291
12,15,82.0,28.34670066833496,131910.6659402263,14.456470588235291
12,16,82.0,27.274181365966797,180230.2992453571,14.456470588235291
12,17,82.0,26.37765884399414,304671.78266449756,14.456470588235291
12,18,82.0,25.30914878845215,283242.069844834,14.456470588235291
12,19,82.0,24.458667755126953,262377.6844813276,14.456470588235291
12,20,82.0,23.290430068969727,221400.5232434672,14.745599999999996
12,21,82.0,22.440439224243164,174105.46835032807,6.988436018957345
12,22,82.0,21.26818084716797,120523.44107611343,13.165714285714284
12,23,82.0,20.488656997680664,196605.65010074424,14.894545454545451
12,24,82.0,19.315406799316406,253838.1078290768,14.599603960396037
12,25,82.0,18.46930694580078,377760.1140001521,14.599603960396037
12,26,82.0,17.289520263671875,335617.8622517922,14.599603960396037
12,27,82.0,16.44009780883789,307654.10298470117,14.745599999999996
12,28,82.0,15.241189956665039,151997.71173415735,14.745599999999996
12,29,82.0,14.120294570922852,245735.51417049137,14.894545454545451
12,30,82.0,13.243847846984863,286011.4278771415,12.711724137931032
12,31,82.0,12.080099105834961,176488.3444436524,12.822260869565216
12,32,82.0,11.199993133544922,158662.9411702082,16.568089887640447
12,33,82.0,10.072117805480957,108561.38561931849,16.20395604395604
12,34,82.0,9.240035057067871,226764.44791238237,16.383999999999997
12,35,82.0,8.077223777770996,259935.4909491362,16.75636363636363
12,36,82.0,7.197272300720215,784672.6157627899,30.0
12,37,82.0,6.087644577026367,1240895.0945217016,30.0
12,38,82.0,5.283030033111572,2398491.3981568636,30.0
12,39,82.0,4.097232818603516,2668304.991384569,30.0
12,40,82.0,3.252302885055542,2065311.986867227,30.0
12,41,82.0,2.0752243995666504,2776487.424764997,30.0
12,42,82.0,0.8805050253868103,2071467.382666436,30.0
12,43,82.0,0.0640808641910553,780774.1778193078,19.926486486486482
12,44,82.0,-0.95542311668396,490892.5341438125,18.904615384615383
12,45,82.0,-1.9000879526138306,64107.190388396404,11.891612903225806
12,46,82.0,-2.9314372539520264,37822.63897384564,17.347764705882348
12,47,82.0,-3.963099956512451,94953.85100287368,17.1460465116279
12,48,82.0,-5.029436111450195,102112.43537195133,16.948965517241376
12,49,82.0,-6.002467155456543,114597.26543896434,7.089230769230769
12,50,82.0,-6.987517356872559,64269.19788282873,12.086557377049179
12,51,82.0,-7.795690536499023,84623.32600533325,11.988292682926827
12,52,82.0,-8.970191955566406,71703.98243358643,11.086917293233082
12,53,82.0,-10.088801383972168,67208.28199356665,6.221772151898733
12,54,82.0,-11.038525581359863,100042.24620682174,20.19945205479452
12,55,82.0,-11.872815132141113,153142.9428343519,9.701052631578946
12,56,82.0,-12.767321586608887,109802.78416524864,19.926486486486482
12,57,82.0,-14.034390449523926,158747.3819951567,19.6608
12,58,82.0,-14.980609893798828,113951.9620615966,19.6608
12,59,82.0,-15.945731163024902,103495.639132643,19.6608
12,60,82.0,-16.977373123168945,95490.4103547981,19.6608
12,61,82.0,-17.982009887695312,98273.53495474758,12.391260504201679
12,62,82.0,-18.800350189208984,89483.55212410983,7.843404255319147
12,63,82.0,-19.99852752685547,80537.41140068557,12.496271186440676
12,64,82.0,-20.840435028076172,63503.235971114664,9.04638036809816
12,65,82.0,-22.034955978393555,59568.048379743144,21.68470588235294
12,66,82.0,-22.839441299438477,63098.20071965823,22.008358208955222
12,67,82.0,-23.949159622192383,118077.17779856177,8.23776536312849
12,68,82.0,-24.879636764526367,94740.41136592736,10.685217391304347
12,69,82.0,-25.98257064819336,101856.38548421195,6.826666666666665
12,70,82.0,-27.054777145385742,63576.900872912905,19.150129870129867
12,71,82.0,-28.20869255065918,88296.16685419955,7.760842105263157
12,72,82.0,-29.21319007873535,99600.71646549623,7.885347593582886
13,0,84.0,-28.200286865234375,95931.51210443194,18.432
13,1,84.0,-27.156301498413086,139991.12526387064,18.432
13,2,84.0,-26.0797119140625,92762.38852713873,10.09972602739726
13,3,84.0,-25.068857192993164,101568.51853969989,10.09972602739726
13,4,84.0,-24.123579025268555,111825.23565687795,20.479999999999997
13,5,84.0,-23.302827835083008,105697.25014706909,20.479999999999997
13,6,84.0,-22.192697525024414,96398.44211869936,20.479999999999997
13,7,84.0,-21.402252197265625,101462.21864876813,9.765298013245031
13,8,84.0,-20.203229904174805,111839.62837586745,9.963243243243241
13,9,84.0,-19.381086349487305,114993.67227402392,20.19945205479452
13,10,84.0,-18.200681686401367,118503.57181053795,19.6608
13,11,84.0,-17.339031219482422,155237.9832812952,19.150129870129867
13,12,84.0,-16.196924209594727,143702.8838262271,19.150129870129867
13,13,84.0,-15.374468803405762,177070.30296011432,19.402105263157893
13,14,84.0,-14.380661010742188,130076.31797287066,19.402105263157893
13,15,84.0,-13.367965698242188,144624.72787220747,19.6608
13,16,84.0,-12.23498249053955,134724.79509301338,5.921927710843373
13,17,84.0,-11.285496711730957,78356.50405848074,19.926486486486482
13,18,84.0,-10.266276359558105,83396.54867220216,10.763211678832114
13,19,84.0,-9.298992156982422,152580.38238072634,10.608345323741005
13,20,84.0,-8.131942749023438,95588.94864118635,20.19945205479452
13,21,84.0,-7.299191951751709,194872.61977737246,20.76845070422535
13,22,84.0,-6.23190450668335,498983.3883604942,10.922666666666665
13,23,84.0,-5.2880330085754395,1645541.1868873714,11.256183206106869
13,24,84.0,-4.205376625061035,267418.84702259634,21.065142857142853
13,25,84.0,-3.1569323539733887,119604.45521048219,21.68470588235294
13,26,84.0,-2.1547060012817383,471217.10922784626,22.34181818181818
13,27,84.0,-1.1596895456314087,2709775.9418831915,17.55428571428571
13,28,84.0,-0.20935839414596558,6917814.68209733,17.982439024390242
13,29,84.0,0.6335340738296509,6475607.670407399,30.0
13,30,84.0,1.8280775547027588,5864011.658870646,30.0
13,31,84.0,3.028078079223633,10795410.02741181,30.0
13,32,84.0,3.8556394577026367,5754938.35427647,30.0
13,33,84.0,5.003845691680908,5049690.525876831,30.0
13,34,84.0,5.854377269744873,1909771.4150589437,30.0
13,35,84.0,6.807806968688965,765833.9672056464,30.0
13,36,84.0,7.963237285614014,150955.0698129619,17.765783132530117
13,37,84.0,8.939287185668945,445853.6832746991,17.982439024390242
13,38,84.0,10.082498550415039,4644487.130537799,30.0
13,39,84.0,10.920409202575684,305619.87194374745,30.0
13,40,84.0,12.123051643371582,158054.76580973595,14.316116504854367
13,41,84.0,13.109166145324707,11961723.2281608,30.0
13,42,84.0,14.335051536560059,9439244.812191151,30.0
13,43,84.0,15.773303031921387,3224685.7922485266,30.0
13,44,84.0,16.71937370300293,1225252.8403782398,30.0
13,45,84.0,17.658906936645508,2493870.593030935,30.0
13,46,84.0,18.64093589782715,1614826.9646659323,30.0
13,47,84.0,19.783626556396484,520184.21029784804,13.65333333333333
13,48,84.0,20.745555877685547,232450.27323773314,13.284324324324322
13,49,84.0,21.711965560913086,443716.1372506516,13.284324324324322
13,50,84.0,22.54573631286621,255315.4064199323,13.528073394495411
13,51,84.0,23.693742752075195,599376.2005885056,30.0
13,52,84.0,24.74170684814453,175799.34219190417,13.910943396226413
13,53,84.0,25.91154670715332,234368.47606960687,14.178461538461537
13,54,84.0,26.779647827148438,217507.7695603163,30.0
13,55,84.0,28.14508056640625,130766.90067239023,14.456470588235291
13,56,84.0,29.067399978637695,93765.0986575378,14.599603960396037
13,57,84.0,30.10298728942871,172922.71457492773,11.430697674418603
13,58,84.0,31.02169418334961,154521.28437405225,11.342769230769228
13,59,84.0,32.110042572021484,153749.29775664562,7.299801980198018
13,60,84.0,32.97598648071289,144985.7329544886,6.795207373271888
13,61,84.0,34.17854690551758,160243.2707864435,13.165714285714284
13,62,84.0,35.14503479003906,166702.91671910515,13.049203539823008
13,63,84.0,36.19695281982422,170518.19722547662,12.93473684210526
13,64,84.0,37.11006546020508,90891.3134500244,12.496271186440676
13,65,84.0,38.233970642089844,146971.3233392785,12.086557377049179
13,66,84.0,39.053619384765625,106777.19841093838,15.046530612244894
13,67,84.0,40.27838134765625,114695.87379994606,6.328583690987124
13,68,84.0,41.10820388793945,138108.8875374519,6.248135593220338
13,69,84.0,42.29598617553711,381276.443179274,14.456470588235291
13,70,84.0,43.40245056152344,3416983.2477358105,13.78093457943925
14,0,86.0,43.48695373535156,434711.40439628187,5.8514285714285705
14,1,86.0,42.485801696777344,252996.33023132494,9.102222222222222
14,2,86.0,41.471153259277344,656345.3015360944,7.192975609756096
14,3,86.0,40.46027755737305,1020898.830195099,7.2282352941176455
14,4,86.0,39.34354019165039,172577.848696483,11.988292682926827
14,5,86.0,38.3262825012207,183703.52419838938,12.711724137931032
14,6,86.0,37.342159271240234,230023.62901563794,12.711724137931032
14,7,86.0,36.37989044189453,151490.51878582008,12.496271186440676
14,8,86.0,35.34905242919922,89555.43355597845,12.391260504201679
14,9,86.0,34.32310104370117,114145.87509924933,8.378181818181815
14,10,86.0,33.459190368652344,104003.70635054033,8.284044943820223
14,11,86.0,32.49436569213867,164299.97266120548,8.14674033149171
14,12,86.0,31.67670440673828,129893.7891715907,12.93473684210526
14,13,86.0,30.510393142700195,121116.35928873098,15.046530612244894
14,14,86.0,29.657983779907227,88053.45984467001,14.745599999999996
14,15,86.0,28.497028350830078,122721.17732312989,7.600824742268039
14,16,86.0,27.628530502319336,193620.74503030747,13.78093457943925
14,17,86.0,26.52283477783203,267099.96173781884,13.78093457943925
14,18,86.0,25.408754348754883,222015.35737539854,13.78093457943925
14,19,86.0,24.507232666015625,193447.1810532162,13.405090909090907
14,20,86.0,23.355825424194336,356704.4026440154,12.93473684210526
14,21,86.0,22.455530166625977,313293.7934071354,12.93473684210526
14,22,86.0,21.231237411499023,496439.7723757328,13.165714285714284
14,23,86.0,20.412683486938477,261427.8780133574,12.086557377049179
14,24,86.0,19.304988861083984,321505.8806745018,11.891612903225806
14,25,86.0,18.38322639465332,277071.9991038999,14.178461538461537
14,26,86.0,17.2542724609375,212222.6579715999,13.910943396226413
14,27,86.0,16.3645076751709,285375.829924485,11.610708661417322
14,28,86.0,15.408202171325684,279752.79023765516,14.178461538461537
14,29,86.0,14.367264747619629,283687.43365179666,14.178461538461537
14,30,86.0,13.367506980895996,710109.2657094675,14.04342857142857
14,31,86.0,12.139883995056152,792094.1421932002,30.0
14,32,86.0,11.244047164916992,157216.31823054454,18.432
14,33,86.0,10.104331970214844,329008.7896997848,13.910943396226413
14,34,86.0,9.157944679260254,1224106.534252386,30.0
14,35,86.0,8.117826461791992,2984487.371271748,30.0
14,36,86.0,7.110591888427734,3991926.967223234,30.0
14,37,86.0,6.021447658538818,4794606.054065341,30.0
14,38,86.0,5.139466762542725,5948850.609390262,30.0
14,39,86.0,4.043544769287109,8372390.937041427,30.0
14,40,86.0,3.1735808849334717,8479977.687195357,30.0
14,41,86.0,2.0440731048583984,4130761.7321725017,30.0
14,42,86.0,1.223260760307312,9420289.840314277,30.0
14,43,86.0,0.039230506867170334,2774451.335651204,20.19945205479452
14,44,86.0,-0.9341943860054016,432960.60141811264,20.479999999999997
14,45,86.0,-2.093883752822876,23365.72354343867,20.479999999999997
14,46,86.0,-2.899223804473877,596455.8078247027,12.186446280991733
14,47,86.0,-4.066829204559326,4250579.41093667,11.342769230769228
14,48,86.0,-4.939418315887451,2044022.3872734497,9.765298013245031
14,49,86.0,-6.084189414978027,135157.17640880964,20.479999999999997
14,50,86.0,-7.198993682861328,71521.21044414343,20.479999999999997
14,51,86.0,-8.076909065246582,83129.75495056702,20.76845070422535
14,52,86.0,-9.195775032043457,80249.25457818231,6.9554716981132065
14,53,86.0,-10.034598350524902,92781.04500251057,9.765298013245031
14,54,86.0,-11.112593650817871,138031.98785576702,19.402105263157893
14,55,86.0,-12.208953857421875,130253.28996841442,19.402105263157893
14,56,86.0,-13.129629135131836,100035.7262987566,19.402105263157893
14,57,86.0,-14.023653984069824,111743.23060092262,19.150129870129867
14,58,86.0,-15.156195640563965,163726.0633391439,19.150129870129867
14,59,86.0,-16.053110122680664,135728.05507177184,8.013913043478258
14,60,86.0,-17.185396194458008,105493.15910828074,19.926486486486482
14,61,86.0,-18.071828842163086,95013.98923167483,9.963243243243241
14,62,86.0,-19.071765899658203,79510.6996179233,9.896375838926172
14,63,86.0,-20.204708099365234,104649.14091885946,9.765298013245031
14,64,86.0,-21.074508666992188,85397.10788630466,20.76845070422535
14,65,86.0,-22.20932388305664,105753.68618588064,6.274723404255317
14,66,86.0,-23.021699905395508,78134.38899923585,20.19945205479452
14,67,86.0,-24.208295822143555,81958.84969029152,10.239999999999998
14,68,86.0,-25.1588191986084,53195.47955918442,19.150129870129867
14,69,86.0,-26.249492645263672,71927.38450025262,18.6653164556962
14,70,86.0,-27.19901466369629,113780.35019528012,18.904615384615383
14,71,86.0,-28.084800720214844,119237.49301681541,18.904615384615383
15,0,88.0,-28.44305992126465,154577.70763230862,18.904615384615383
15,1,88.0,-27.753332138061523,104028.12832682242,18.904615384615383
15,2,88.0,-26.602313995361328,132878.30087705242,19.150129870129867
15,3,88.0,-25.788169860839844,118949.66934019656,10.09972602739726
15,4,88.0,-24.57546615600586,124836.37361702436,20.19945205479452
15,5,88.0,-23.44076156616211,107880.33986751719,20.479999999999997
15,6,88.0,-22.61290168762207,133396.4412384648,20.479999999999997
15,7,88.0,-21.5186824798584,138703.04595564413,20.479999999999997
15,8,88.0,-20.594980239868164,152409.94069603688,10.169379310344826
15,9,88.0,-19.736196517944336,186002.19836807603,10.239999999999998
15,10,88.0,-18.6054744720459,135568.5719825549,20.19945205479452
15,11,88.0,-17.45802116394043,132136.9338439689,19.402105263157893
15,12,88.0,-16.60663414001465,137516.39161463975,19.150129870129867
15,13,88.0,-15.419576644897461,174291.84779442265,19.150129870129867
15,14,88.0,-14.595401763916016,137439.7553956565,19.150129870129867
15,15,88.0,-13.400856971740723,171597.08727247812,19.150129870129867
15,16,88.0,-12.596519470214844,161343.5311583478,19.402105263157893
15,17,88.0,-11.435827255249023,181589.3807753573,7.927741935483869
15,18,88.0,-10.59998607635498,108905.18342205959,8.10197802197802
15,19,88.0,-9.3886137008667,234558.62433628968,7.4472727272727255
15,20,88.0,-8.57330322265625,265580.0007671034,20.76845070422535
15,21,88.0,-7.392516136169434,1479506.3280615357,15.521684210526313
15,22,88.0,-6.528622627258301,11170936.049491186,15.686808510638294
15,23,88.0,-5.474072456359863,35000000.0,9.963243243243241
15,24,88.0,-4.574330806732178,17644749.562391147,10.608345323741005
15,25,88.0,-3.384676694869995,440411.71632905264,20.19945205479452
15,26,88.0,-2.447542190551758,838978.1749232683,19.926486486486482
15,27,88.0,-1.34492027759552,3809844.921023198,19.926486486486482
15,28,88.0,-0.5665577054023743,8420990.036172487,19.926486486486482
15,29,88.0,0.6402757167816162,7123116.830723885,30.0
15,30,88.0,1.5462528467178345,12361617.351589544,30.0
15,31,88.0,2.6803576946258545,16808579.066743974,30.0
15,32,88.0,3.522020101547241,16602269.136455815,30.0
15,33,88.0,4.652764797210693,12513553.915495858,30.0
15,34,88.0,5.487049579620361,6745105.578600949,30.0
15,35,88.0,6.628346920013428,2053388.8113549447,30.0
15,36,88.0,7.6583333015441895,896050.3118290054,7.372799999999998
15,37,88.0,8.706631660461426,419402.38247149007,13.528073394495411
15,38,88.0,9.707030296325684,694785.5819798933,13.528073394495411
15,39,88.0,10.532588958740234,217154.5387701059,13.405090909090907
15,40,88.0,11.661322593688965,599230.0656409442,11.610708661417322
15,41,88.0,12.5714111328125,223996.9414703805,12.60307692307692
15,42,88.0,13.740856170654297,889458.4700114434,11.430697674418603
15,43,88.0,14.576802253723145,965073.3530898629,11.519999999999998
15,44,88.0,15.75786018371582,810329.8340817151,10.31160839160839
15,45,88.0,16.555654525756836,565215.9920731962,8.378181818181815
15,46,88.0,17.775835037231445,763513.3677181174,9.765298013245031
15,47,88.0,18.597984313964844,862929.4512181429,11.988292682926827
15,48,88.0,19.772167205810547,844934.8565904887,10.239999999999998
15,49,88.0,20.60596466064453,52059.99445107044,18.6653164556962
15,50,88.0,21.76693344116211,1041454.9729974184,12.822260869565216
15,51,88.0,22.604366302490234,871364.7978577057,12.93473684210526
15,52,88.0,23.776762008666992,581886.5893812715,11.004179104477611
15,53,88.0,24.933324813842773,606971.4728752915,9.765298013245031
15,54,88.0,25.783096313476562,336140.7022304647,13.65333333333333
15,55,88.0,26.67285919189453,187920.79546240284,13.65333333333333
15,56,88.0,27.761184692382812,192517.30224682027,13.165714285714284
15,57,88.0,28.62714958190918,228113.55033836007,13.049203539823008
15,58,88.0,29.705556869506836,196479.8318066928,13.049203539823008
15,59,88.0,30.61365509033203,184479.4996783838,12.93473684210526
15,60,88.0,31.696319580078125,171961.13200873815,12.93473684210526
15,61,88.0,32.780330657958984,142680.93331149284,12.822260869565216
15,62,88.0,33.69496154785156,206132.36655288393,8.426057142857141
15,63,88.0,34.82205581665039,152166.82536578484,12.496271186440676
15,64,88.0,35.67127990722656,167564.69597036415,12.60307692307692
15,65,88.0,36.906044006347656,281549.7025488296,15.046530612244894
15,66,88.0,37.80619430541992,921372.4236789661,11.988292682926827
15,67,88.0,38.86988830566406,1503947.1517943451,11.796479999999997
15,68,88.0,39.68715286254883,896649.1653252845,13.65333333333333
15,69,88.0,40.85219192504883,1933927.83059453,7.158058252427184
15,70,88.0,41.66291809082031,2702247.9559651217,9.102222222222222
15,71,88.0,43.02662658691406,26585156.888104245,19.402105263157893
